Time (ms),Sensor 0 (raw),Sensor 1 (raw),Sensor 2 (raw)
4,404,162,199
8,270,111,135
12,183,71,90
16,124,50,62
20,89,47,52
24,72,39,44
28,59,22,30
32,44,12,19
36,34,15,18
40,32,11,15
44,27,0,6
48,20,0,0
52,13,0,0
56,13,0,0
60,13,0,0
64,9,0,0
68,5,0,0
72,8,0,0
76,12,0,0
80,11,0,0
84,10,2,2
88,12,14,11
92,21,16,17
96,25,12,15
100,24,18,18
104,28,31,28
108,36,32,32
112,38,23,27
116,35,23,26
120,35,32,31
124,40,28,30
128,38,16,22
132,32,8,14
136,27,12,14
140,27,11,14
144,26,0,5
148,18,0,0
152,12,0,0
156,13,0,0
160,13,0,0
164,8,0,0
168,5,0,0
172,6,0,0
176,11,0,0
180,11,0,0
184,9,0,1
188,14,14,12
192,22,16,16
196,24,11,15
200,24,20,19
204,29,32,29
208,37,31,32
212,38,22,27
216,34,22,24
220,34,30,30
224,39,29,31
228,39,16,22
232,32,8,14
236,27,13,15
240,28,10,14
244,26,0,4
248,17,0,0
252,12,0,0
256,10,0,0
260,12,0,0
264,8,0,0
268,5,0,0
272,8,0,0
276,12,0,0
280,11,0,0
284,10,2,2
288,15,15,13
292,23,15,16
296,24,12,15
300,22,18,17
304,27,31,28
308,35,32,32
312,38,23,27
316,35,23,25
320,35,32,31
324,40,28,30
328,39,14,20
332,31,9,14
336,27,13,15
340,28,8,12
344,23,0,3
348,16,0,0
352,11,0,0
356,12,0,0
360,13,0,0
364,8,0,0
368,4,0,0
372,8,0,0
376,12,0,0
380,10,0,0
384,8,0,0
388,13,14,12
392,21,15,16
396,24,12,14
400,24,20,19
404,28,32,29
408,36,30,32
412,38,22,26
416,35,24,26
420,36,32,31
424,40,26,29
428,37,15,20
432,30,8,13
436,26,12,14
440,27,9,13
444,25,0,3
448,17,0,0
452,12,0,0
456,13,0,0
460,12,0,0
464,7,0,0
468,5,0,0
472,6,0,0
476,11,0,0
480,10,0,0
484,9,3,2
488,15,16,13
492,23,15,16
496,24,12,15
500,24,21,20
504,30,33,30
508,37,29,31
512,37,22,26
516,34,23,25
520,35,32,30
524,39,27,30
528,38,13,20
532,31,9,14
536,27,13,15
540,28,8,12
544,25,0,2
548,16,0,0
552,11,0,0
556,11,0,0
560,12,0,0
564,8,0,0
568,5,0,0
572,8,0,0
576,12,0,0
580,10,0,0
584,10,4,4
588,16,16,14
592,23,14,16
596,24,12,15
600,22,19,19
604,28,32,29
608,36,30,31
612,38,22,26
616,34,25,26
620,36,32,31
624,40,26,29
628,38,12,18
632,30,9,14
636,27,13,15
640,26,9,12
644,24,0,3
648,17,0,0
652,11,0,0
656,13,0,0
660,12,0,0
664,7,0,0
668,5,0,0
672,9,0,0
676,12,0,0
680,10,0,0
684,8,2,2
688,14,15,13
692,22,15,16
696,24,12,15
700,24,22,21
704,30,33,30
708,37,30,31
712,38,22,26
716,34,26,26
720,37,32,32
724,40,24,28
728,36,13,19
732,29,9,13
736,26,13,15
740,27,8,12
744,24,0,2
748,16,0,0
752,12,0,0
756,13,0,0
760,12,0,0
764,6,0,0
768,3,0,0
772,7,0,0
776,12,0,0
780,10,0,0
784,10,5,5
788,16,17,14
792,23,14,16
796,24,12,15
800,24,24,22
804,31,33,31
808,38,28,30
812,36,22,25
816,33,24,25
820,35,32,31
824,39,26,29
828,37,12,19
832,30,9,13
836,27,13,15
840,28,5,11
844,24,0,0
848,15,0,0
852,11,0,0
856,11,0,0
860,11,0,0
864,7,0,0
868,4,0,0
872,9,0,0
876,12,0,0
880,10,0,0
884,10,7,6
888,18,17,16
892,24,14,16
896,23,11,14
900,23,22,20
904,29,33,30
908,37,29,31
912,37,22,26
916,34,26,27
920,37,32,32
924,40,24,28
928,37,11,18
932,29,10,14
936,27,13,15
940,26,7,11
944,23,0,1
948,15,0,0
952,11,0,0
956,13,0,0
960,12,0,0
964,6,0,0
968,5,0,0
972,10,0,0
976,12,0,0
980,10,0,0
984,9,5,4
988,16,16,14
992,23,14,16
996,24,12,15
1000,24,24,22
1004,31,33,31
1008,38,28,30
1012,37,21,25
1016,34,27,27
1020,37,32,32
1024,39,25,28
1028,37,11,18
1032,29,9,13
1036,27,13,15
1040,28,6,11
1044,23,0,0
1048,15,0,0
1052,12,0,0
1056,13,0,0
1060,11,0,0
1064,6,0,0
1068,3,0,0
1072,8,0,0
1076,12,0,0
1080,10,0,0
1084,11,7,6
1088,18,17,15
1092,24,14,16
1096,24,13,15
1100,25,26,23
1104,32,33,32
1108,38,27,30
1112,36,21,25
1116,34,25,26
1120,36,32,31
1124,40,24,28
1128,36,10,18
1132,29,10,13
1136,27,13,15
1140,28,4,9
1144,22,0,0
1148,14,0,0
1152,9,0,0
1156,12,0,0
1160,11,0,0
1164,6,0,0
1168,5,0,0
1172,10,0,0
1176,12,0,0
1180,10,0,0
1184,11,9,7
1188,18,17,16
1192,25,13,15
1196,23,12,14
1200,23,24,22
1204,31,33,31
1208,38,28,30
1212,37,21,25
1216,34,27,27
1220,37,32,32
1224,40,21,26
1228,36,10,16
1232,28,10,14
1236,27,13,15
1240,26,5,10
1244,22,0,0
1248,14,0,0
1252,11,0,0
1256,13,0,0
1260,11,0,0
1264,6,0,0
1268,6,0,0
1272,11,0,0
1276,12,0,0
1280,8,0,0
1284,9,7,6
1288,17,17,15
1292,24,13,16
1296,24,13,16
1300,25,26,24
1304,32,34,32
1308,38,27,30
1312,37,21,25
1316,34,28,28
1320,38,31,32
1324,39,23,27
1328,36,10,17
1332,28,9,13
1336,26,13,15
1340,27,3,9
1344,22,0,0
1348,14,0,0
1352,11,0,0
1356,13,0,0
1360,10,0,0
1364,5,0,0
1368,3,0,0
1372,9,0,0
1376,12,0,0
1380,10,0,0
1384,11,9,7
1388,19,17,16
1392,24,13,16
1396,24,14,16
1400,26,27,24
1404,33,33,32
1408,37,28,30
1412,37,21,25
1416,34,27,27
1420,37,32,32
1424,40,21,26
1428,35,10,16
1432,28,10,14
1436,27,13,15
1440,27,1,8
1444,21,0,0
1448,13,0,0
1452,9,0,0
1456,12,0,0
1460,10,0,0
1464,6,0,0
1468,6,0,0
1472,11,0,0
1476,12,0,0
1480,10,0,0
1484,12,11,9
1488,20,17,16
1492,24,12,15
1496,22,13,15
1500,24,26,23
1504,32,34,32
1508,38,27,30
1512,37,21,25
1516,34,28,28
1520,38,31,32
1524,40,20,25
1528,34,9,16
1532,28,11,14
1536,25,12,14
1540,26,3,9
1544,21,0,0
1548,13,0,0
1552,11,0,0
1556,13,0,0
1560,10,0,0
1564,5,0,0
1568,6,0,0
1572,11,0,0
1576,12,0,0
1580,8,0,0
1584,10,9,7
1588,18,17,16
1592,24,13,16
1596,24,14,16
1600,26,28,25
1604,33,34,32
1608,39,26,29
1612,36,21,25
1616,35,29,29
1620,38,30,31
1624,38,21,25
1628,34,9,16
1632,28,10,14
1636,27,12,14
1640,27,1,8
1644,21,0,0
1648,13,0,0
1652,12,0,0
1656,13,0,0
1660,10,0,0
1664,3,0,0
1668,4,0,0
1672,10,0,0
1676,12,0,0
1680,10,0,0
1684,12,11,9
1688,20,17,16
1692,25,13,15
1696,24,16,17
1700,27,29,26
1704,34,33,32
1708,37,26,29
1712,36,21,25
1716,34,28,28
1720,38,31,31
1724,40,19,25
1728,34,9,15
1732,28,11,14
1736,27,12,14
1740,26,0,7
1744,20,0,0
1748,12,0,0
1752,10,0,0
1756,12,0,0
1760,10,0,0
1764,5,0,0
1768,6,0,0
1772,11,0,0
1776,12,0,0
1780,10,0,0
1784,13,13,11
1788,21,16,17
1792,24,13,15
1796,23,14,16
1800,25,28,25
1804,33,33,32
1808,38,25,29
1812,36,21,25
1816,34,29,29
1820,38,30,31
1824,39,17,23
1828,33,8,14
1832,27,12,14
1836,25,12,14
1840,26,0,7
1844,20,0,0
1848,12,0,0
1852,12,0,0
1856,13,0,0
1860,10,0,0
1864,5,0,0
1868,7,0,0
1872,11,0,0
1876,11,0,0
1880,8,0,0
1884,11,12,9
1888,19,16,16
1892,24,12,15
1896,24,16,17
1900,26,30,26
1904,35,33,32
1908,39,25,28
1912,36,22,25
1916,35,30,29
1920,37,31,31
1924,40,19,25
1928,34,9,15
1932,28,11,14
1936,27,11,14
1940,26,0,6
1944,20,0,0
1948,12,0,0
1952,12,0,0
1956,13,0,0
1960,9,0,0
1964,3,0,0
1968,5,0,0
1972,11,0,0
1976,11,0,0
1980,9,0,0
1984,13,13,11
1988,21,16,17
1992,24,12,15
1996,24,18,18
2000,28,31,28
